{
  "project_info": {
    "project_number": "295582161967",
    "firebase_url": "https://gpadb-ccb1b.firebaseio.com",
    "project_id": "gpadb-ccb1b",
    "storage_bucket": "gpadb-ccb1b.appspot.com"
  },
  "client": [
    {
      "client_info": {
        "mobilesdk_app_id": "1:295582161967:android:e2b469bfa79c31e70c3ada",
        "android_client_info": {
          "package_name": "com.example.mobileiassistapp"
        }
      },
      "oauth_client": [
        {
          "client_id": "295582161967-tefqec0fqc0n8vrh6dqls9f1r6lv5gvn.apps.googleusercontent.com",
          "client_type": 3
        }
      ],
      "api_key": [
        {
          "current_key": "AIzaSyA1YI1APrue1GcI4tR_qZBWdjRk3VNDoi0"
        }
      ],
      "services": {
        "appinvite_service": {
          "other_platform_oauth_client": [
            {
              "client_id": "295582161967-tefqec0fqc0n8vrh6dqls9f1r6lv5gvn.apps.googleusercontent.com",
              "client_type": 3
            }
          ]
        }
      }
    }
  ],
  "configuration_version": "1"
}